{
	"rows": 20,
	"cols": 20,
	"Ps": [
		{
			"row": 10.000000,
			"col": 10.000000,
			"x_vel": 0.000000,
			"y_vel": 0.000000,
			"r": 227,
			"g": 68,
			"b": 32,
			"stationary": true,
			"lifetime": -1,
			"type": 3,
		}
	]
}
