{
	"rows": 20,
	"cols": 20,
	"Ps": [
		{
			"row": 10.000000,
			"col": 5.000000,
			"x_vel": 0.200000,
			"y_vel": 0.000000,
			"r": 255,
			"g": 255,
			"b": 0,
			"stationary": false,
			"lifetime": 100,
			"type": 7,
		},
		{
			"row": 10.000000,
			"col": 14.000000,
			"x_vel": 0.000000,
			"y_vel": 0.000000,
			"r": 97,
			"g": 29,
			"b": 25,
			"stationary": true,
			"lifetime": -1,
			"type": 5,
		},
		{
			"row": 11.000000,
			"col": 14.000000,
			"x_vel": 0.000000,
			"y_vel": 0.000000,
			"r": 97,
			"g": 29,
			"b": 25,
			"stationary": true,
			"lifetime": -1,
			"type": 5,
		},
		{
			"row": 12.000000,
			"col": 14.000000,
			"x_vel": 0.000000,
			"y_vel": 0.000000,
			"r": 97,
			"g": 29,
			"b": 25,
			"stationary": true,
			"lifetime": -1,
			"type": 5,
		}
	]
}
